Item,Company,Amount
medical labels,Braun,1
"Uncuffed Tracheal Tube, Murphy Eye, Oral/Nasal",Sheridan,1
compression glove,norco,1
Electrodes,Vermed,1
Sterile pipers,No manufacturer listed,90
Foam Swabs + Tray (3 foam swabs per tray),No manufacturer listed,7
Swabs,Copan,600
feeding syringes with purple caps,ENFit,3456
Kendall cloth tape,Covidien,5
Gauze sponges,Medline,480
Test Tubes,No manufacturer listed,475
Swabs,Cops,400
Diapers,Pampers,4
Diapers,Pampers,4
Syringes,No manufacturer listed,4
Sticky name tags,No manufacturer listed,3
Cotton tipped applicators - non sterile,MediChoice,300
SureForm 60 reload,da Vinci Xi,36
Detergent,henkel corporation,3 
Cohesive bandages,Medichoice,24
Non-woven sponges,Covidien,1050
Cotton Balls,Amazon,200
Blunt Tip Needles,Covidien,200
3M curos caps,3M,10
White cloth gauze,No manufacturer listed,2
Pads,No manufacturer listed,2 
Diapers,No manufacturer listed,2 
Vistaseal Laparoscopic Dual Applicator,Ethicon (J&J),6
Cotton tip applicators,Henry schein,2 
Disposable syringes without needle,Tkmd,2 
Adhesive Fabric,BSN,2 
Wipes,Diversey,160 
gauze pads,Medline,200
White cloth (surgical dressing?),No manufacturer listed,1
IV caps,3M,1 
microscope slides?,No manufacturer listed,1 
Protective Underwear/Diapers,MediChoice,20
Insertion tray,Mert Medical,1
drainage kits, Mert Medical, 5
dressing kits, Mert Medical, 5
hydrocolloid dressing,restore,5
abdominal binder,Dale,1 
Wrap,No manufacturer listed,1 
Swabs,FloqSwabs,1 
Sterile Polyester Tipped Applicators,Puritan,1 
Plastic containers,No manufacturer listed,1 
Disposable swabs,Jiangsu Changfeng,1 
Bare hypodermic syringe,DPS,1 
Large Swabs,No manufacturer listed,80
SafetyGlide Needles,BD,75
Tube Caps,No manufacturer listed,50
Microtainers,No manufacturer listed,50
Microtainers with purple caps,BD,40
Safety Infusin Set,MiniLoc,20
Misc. (test tubes - multiple sizes),Multiple brands,150
Surgical Caps,Halyard,100
Paper Measuring Tape,Henry Schein,4000
Cotton Tipper Applicators,Henry Schein,2000
Styrofoam cups,Dart Jcup,1000
Plastic cup lids,Dart,1000
Lids,Dart,1000
Cups,Dart,1000
Cups,Dart,1000
Cups,Dart,1000
Cup lids with straw slot,Dart,1000
Cup lids,Dart,1000
Cup lids,Dart,1000
Cup lids,Dart,1000
Cup lids,Dart,1000
Cup lids,Dart,1000
Cotton Tipped Applicators,MediChoice,1000
Container,Dart ,1000
Stretch Vinyl Exam Gloves,Medline,900
Single Use Adult Specula,Welch Allyn,850
Pediatric Single Use Specula,Welch Allyn,850
Cytology Brush,Cytosoft,800
Criterion Examination Gloves,Henry Schein,800
Blood Collection Tube,BD,800
Alcohol Prep Pads,Mckesson,800
Dyna Lube Sterile,Dynarex,720
Medium Nitrile Examination Gloves,Henry Schein,700
Gloves (XL),Med choice,650
Test tubes,No manufacturer listed,600
Assorted collection vials,BD,600
All Gauze Sponges,Henry Schein,600
Disposable Syringes (10ml),Nipro,500
Assorted test tube+ supplies,No manufacturer listed,500
Small test tubes,No manufacturer listed,482
Serum collector (black circle cap),No manufacturer listed,450
"Tubes, green and purple cap",No manufacturer listed,400
Specimen Bags,No manufacturer listed,400
Assorted Viles,No manufacturer listed,400
plastic pipettes,No manufacturer listed,350
Pipettes,No manufacturer listed,350
Test Tubes Purple,BD,300
"Random fallen items, needles samples, tubes",No manufacturer listed,300
Pipettes,No manufacturer listed,300
Blood Collection Tubes,BD,300
Bare Hypodermic syringe 1 mL,DPS,300
ultrasounds transmission gel,Parker Laboratories,288
Ultrasound Transmission Gel,Aquasonic,288
Disposable Syringe,Tkmd,280
Vacuntainer test tube,BD,250
Pipettes,No manufacturer listed,250
Insulin Syringes,BD,250
Hemodialysis fistula needle set,Finger shield,250
Gloves (XL),Sending care Ice,230
Latex Free Syringe,BD,225
Luer Lock Plug,Smiths Medical,210
Safety Needle,tkmd,203
woven gauze sponges,Medline,200
Vial,No manufacturer listed,200
Specimen Bag,No manufacturer listed,200
Sheer Strip Bandaids,Henry Schein,200
Safety Needle,Duopress,200
Safety Needle,Tkmd,200
Safety Lancets,Medicore,200
Plastic test tube,No manufacturer listed,200
Lawei 200 pack,Lawei,200
Gauze Pads,Henry Schein,200
Flexible Fabric Strips,Henry Schein,200
face mask,dymex,200
Enamel Pro Varnish,Premier,200
eclipse blood collection needle,BD,200
Disposable Syringe Without Needle,TKMD,200
DGP Pathoseal 95 (plastic pipets),DGP Intelsius Ltd.,200
Cytology Brush,Cytosoft,200
Cotton Tipped Applicators,Henry Schein,200
clear sample collector (15ml),BD,200
Blood Vial,BD,200
Blood collection tubes (PST Gel and Lithium Heparin ),BD,200
Blood Collection Tubes,BD,200
blood collection tubes,BD,200
Bandage,Smith and Nephew,200
Alcohol wipes,Medline,200
9NC Blood Collection Tubes,BD,200
2 ft rulers,Cardinal Health,200
electrical wire,curbell,183
2XL Exam Gloves,Medline,160
Surgical Gloves (Biogel Pl),Molnlycke,155
White Small Test Tube,No manufacturer listed,150
Tubes,No manufacturer listed,150
Surgical Gloves (L),MedChoice,150
Surgical Drapes,No manufacturer listed,150
Sponges,Medline,150
Safety Blood Collection Set + Luer Adapter 23G,Greiner Bio One,150
Safety Blood Collection Set + Luer Adapter,Grinder Bio One,150
Pipette,No manufacturer listed,150
Pipette,No manufacturer listed,150
opaque yellow/clear 1.8ml tubes,No manufacturer listed,150
Integra Syringe,BD,150
Exam gloves - medium,Medichoice,150
Exam Gloves,MediChoice,150
Exam gloves,Medline,150
Exam gloves,Medline,150
Earloop Procedure Masks,Henry Schein,150
Cups,No manufacturer listed,150
black small test tubes,No manufacturer listed,150
All-Gauze Sponges,Henry Schein,150
Alcohol Prep Pads,Mckesson,142
Plastic pipets,No manufacturer listed,140
Gloves (S),Med choice,130
Alcohol Pads,McKesson,129
Reflex Skin Stapler,ConMed,120
Reflex Skin Stapler,ConMed,120
Reflex Skin Stapler,ConMed,120
Reflex Skin Stapler,ConMed,120
Cloth Surgical Tape,Henry Schein,120
Reflex Skin Stapler,Conmed,114
Sterile Needle,BD,112
BD Eclipse Needle,BD,104
Sterilization Pouches,Wipak Medical (Steriking),101
3ml Syringe,BD,101
X-RAY detectable gauze sponges,Medline,100
Vials,No manufacturer listed,100
Vial,No manufacturer listed,100
Vanishpoint syringe,vanishpoint,100
vacuntainer adapter,BD,100
"UPEP Tube, Red",Sarstedt,100
test tubes,No manufacturer listed,100
"Test Tube, White",SARSTEDT,100
Surgical Gloves (large),Nimo PPE,100
Surgical cap,Halyard,100
Sterile Disposable Safety Scalpel,Medline,100
Specimen Transport Bag,No manufacturer listed,100
Specimen collection bags,Covance,100
Small Nitrile Examination Gloves,Henry Schein,100
single use syringes 2 piece,norm next,100
Silver nitrate applicators,Grafco,100
Sealable Bag,Wipak Medical,100
Sample Collection Kit,BD,100
Safety Needle,Henry Schein,100
Purple Caps,No manufacturer listed,100
Medium Nitrile Examination Gloves,Gen X,100
Injection Needles,BD,100
Infant Tether,TenderCare,100
Hypodermic Needle,SoL M,100
Guaze,No manufacturer listed,100
filter needles,braun,100
Ear Thermometer Probe Covers,Hillrom,100
Disposable Nitrile Gloves xs,Test Equity,100
Cup lids,No manufacturer listed,100
Blunt Fill Needle with filter,BD,100
Biohazard Bag,No manufacturer listed,100
BioGlo,Madhu instruments,100
BD PrecisionGlide Needle Aiguille BD PrecisionGlide,BD,100
100 other test tubes,No manufacturer listed,100
disposable syringe without needle,tkmd,93
Up-draft II Opti-never Nebulizer,Hudson RCI,92
Cap,BD,90
27G precisionglide needles,BD,90
18G precisionglide needles,BD,90
Needles,BD,88
Eclipse Needle,BD,88
X-ray detectable gauze sponges,Medline,80
unisex swab specimen collection kit for endocervical and Male Urethral swab specimens,Aptima,80
Needle,BD,80
2XL Exam Gloves,Medline,80
Rectal tube,Covidien,76
Safety Glide,BD,75
purple syringes,No manufacturer listed,75
Probe Covers,Sheathes Technologies Inc,75
Norm-Ject Luer Lock Solo,NormJect,75
Hypodermic Safety Needle,DropSafe,75
Child�s face mask,Halyard,75
Blood draw needles,No manufacturer listed,75
blood collection needles,micsafe,75
Insulin Syringe,BD,73
Blood Collection Needle,Eclipse,71
Vial connector blood collection,BD,70
Syringes,No manufacturer listed,70
Miscellaneous,No manufacturer listed,70
MISC Test Tubes,No manufacturer listed,70
Blood Collection Kit,No manufacturer listed,70
Anti-skid instrument mat,Medline,67
Povidone Iodine Antiseptic Swabsticks,Dukal,64
Non woven drain sponges,Medline,64
diapers,pampers,64
Syringe,BD,62
Purple Caps,No manufacturer listed,60
Pipe Cleaner,No manufacturer listed,60
Paper Surgical Tape,Henry Schein,60
diapers,huggies,60
Blood Collection needles,Eclipse,60
syringe,BD,58
Blood Sampling Tube Holder with Blunt Cannula,ICUmedical,58
Wipes,Pampers,56
Minimuffs neonatal noise attenuators,Natus,55
Vial,No manufacturer listed,50
Trays,No manufacturer listed,50
Syringe without needle,Terumo,50
Syringe Needle,VanishPoint,50
Suction device,Air life,50
Stopcock,Smiths Medical,50
Specimen bag,No manufacturer listed,50
Safety Guide Needles,BD,50
Procedure Masks,Henry Schein,50
Procedure Mask,MediChoice,50
Plating Kits,No manufacturer listed,50
Plastic circle attachments,Steelcase,50
Pippetes,No manufacturer listed,50
Pipettes,No manufacturer listed,50
PCA Administration Kit,BD,50
Particulate Respirator,3M,50
orange capped vials,No manufacturer listed,50
Nose Swabs,FLOQSwabs,50
Needle Kits,No manufacturer listed,50
Needle (subQ precision glide),BD,50
Male luer lock,Smiths medical,50
larger PK sample collection tubes,No manufacturer listed,50
Large Swabs,No manufacturer listed,50
IV catheter,BD,50
Injection Needle with Syringe,BD,50
Injection needle,BD,50
Injection Needle,BD,50
Gloves,Medline,50
Gauze,No manufacturer listed,50
fliplock needles,flip lock,50
Filter needle,BD,50
Field Towel/drape,Medichoice,50
emesis bags,Medline,50
Electrostatic filter HME,Covidien,50
EKG Electrode sticker,No manufacturer listed,50
Clear collection vials,No manufacturer listed,50
Blood draw kits,No manufacturer listed,50
Big cylinder syringe cap,No manufacturer listed,50
Adult diapers,Kingsystems,50
Cervical Dilator,MedGyn,49
Surgical Gloves,Molnlycke,48
Coated Vicryl,Ethicon,48
Biogel Indicator Underglove,M�lnlycke,47
Aerosol Face Tent,teleflex,47
Staple removal kit,Cardinal Health,46
3ml syringe,BD,46
Subassembly Bag G,No manufacturer listed,45
Safetyglide Insulin,BD,45
"Preformed, uncuffed trachael tube, nasal",Hudson RCI,45
Vacutainer,BD,44
PCA Administration Kit,BD,44
Surgical Gloves,Cardinal Health,42
Sealable Foil Bags,No manufacturer listed,41
10 mL syringe,BD,41
zipper bag,damaisely,40
Tubing,No manufacturer listed,40
Sutures,No manufacturer listed,40
Safety Glide Needles,BD,40
plastic cups,No manufacturer listed,40
Injection Needle with Luer Lok Syringe,BD,40
Glide Needles,BD,40
Specimen transport bags,No manufacturer listed,39
Safety Glide Needle,BD,39
Luer Lock to Urethra Tip Adapter,Baxter,39
Luer lock plug,Smiths medical,39
2mL test tubes,Eurofins,39
Blood Collection Set,No manufacturer listed,38
Urine 24hr protein,No manufacturer listed,37
SafetyGlide Needle,BD,36
Neonatal Noise Attenuators,Natus,36
Neonatal Noise Attenuators,Natus,36
Neonatal Noise Attenuators,Natus,36
Needle,Precision Glide,36
Mini Muffs,Natus,36
Adult Dipers,Cardinal Health,36
Surgical gloves,Medline,35
supply kit with pipette and specimen tube,labconnect,35
Safety Glide Needle (1 1/2 �),BD,35
Plastic thing with hole in it,Genmab,35
PCA administration kits,BD,35
needles,koru,35
Immunoglobulin tube brown,No manufacturer listed,35
Surgical Gloves,Molnlycke,34
3 ml pipet,No manufacturer listed,33
transparent film dressing,Medline,32
Safety Infusion Set,MiniLoc,32
5ml Syringe,BD,32
Surgical Gloves,Molnlycke,31
Extra Absorbant Abdominal Pad (8 x 10 in),Medline,31
"Uncuffed Tracheal Tube, Oral",Hudson RCI,30
Tegaderm 2x2,3M,30
Syringes,No manufacturer listed,30
Steri-Strip (reinforced skin closures),3M,30
Serum D Pl(ctDNA) kit,No manufacturer listed,30
SafetyGlide Needle,BD,30
Respiratory Bags,Medchoice,30
Precision Needle,BD,30
Neonatal Needle,BD,30
Microbore Infusion Set,Eitan Medical,30
Maxzero,BD,30
connector,vy con,30
Blood Collection Needle,BD,30
Bandages,No manufacturer listed,30
Assorted Lab Supply,ACM,30
Anaerobic Transport Mediums,Anaerobe Systems,30
AMT Mini Enteral Extension Set,Applied Medical Technology,30
adapters,clave,30
50 ml Syringe for Enteral feedings,NeoMed,30
Tur series tubing set,Baxter,29
Plastic (boot shaped),No manufacturer listed,29
B-Lock Closed Line Adaptor,Halo,28
Baby diapers,Huggies,28
Vacutainer,BD,27
Swabs,FLOQSwabs,27
Surgical Lubricant,Surgilube,27
Small Adult Mask,No manufacturer listed,27
Neonatal electrodes,Cardinal Health,27
Drug Screen Cup,Clia,27
Cervical Dilator,Cooper Surgical,27
BD safety glide needle,BD,26
Vacutainer,BD,25
Vacutainer,BD,25
Test tubes,Eurofins,25
Suture,Ethicon,25
Sterile Rayon Tipped Applicator,Puritan,25
Soap Dishes,No manufacturer listed,25
SafetyGlide 1ml Syringe,BD,25
Safety Infusion Set,MiniLoc,25
Roch pean forceps,Sklar,25
Red Cap Tubes,No manufacturer listed,25
Radial Artery Cathetherization Set,Arrow,25
needles,BD,25
Infant Heel Warmer,MediChoice,25
Hypodermic Needle Pro Safety Device,Smiths Medical,25
Forceps,Sklar,25
Forceps,Sklar,25
Fog free surgical mask,Halyard,25
Fluid path,ICU Medical,25
Catheter (fluid path),No manufacturer listed,25
Blood Collection set (Safety lok),BD,25
various test tubes,No manufacturer listed,24
Sterile Rayon Tipped Applicator,Puritan,24
Pressure monitoring line,Namic,24
Pediatric ear tips,Welch allyn,24
2% Chlorhexidine Gluconate Cloth,Stryker,24
Test Tubes,No manufacturer listed,23
Surgical Indicator Underglove (size 7),Molnlycke,23
SubassemblyG,No manufacturer listed,23
Sterile Rayon Tipped Applicator,Puritan,23
PVC Nasopharyngeal Airway,Teleflex,23
Precision needle,BD,23
Pediatric Oxygen Mask,Hudson RCI,23
Needle Caps,Monoject,23
E-Z Scrub 205,BD,23
Cleansing Towlette,Medichoice,23
Blood Draw Kit,BD,23
PricisionGlide Needle,BD,22
FloQSwabs,Copan,22
Cotton Tipped Applicators,Medline,22
5.5 mm tracheal Tube,Hudson RCI,22
"Specimen Kit, Orange Cap",BD,21
specimen bags assorted sizes,No manufacturer listed,21
Nebulizer (w/ Pediatric Elongated Nebulizer Mask),Hudson RCI,21
Blood Collection Set (Safety Lok),BD,21
Syringe needles,No manufacturer listed,20
surgical masks,3M,20
Surgical gloves,M�lnlycke,20
Sterile Applicator,Puritan,20
small and large red capped collection tubes,No manufacturer listed,20
Sample boxes,Argos,20
Oral-nasal co2 filter line,Medtronic,20
Oral Syringes,ExactaMed,20
Non-DEHP Extension Set,Baxter,20
Nerve block set,Braun,20
nebulizer,hudson RCI,20
N95 masks,3M,20
N95,No manufacturer listed,20
Medium RTLs,ConMed,20
Materials for IG collection,No manufacturer listed,20
Magill Forceps,Centurion,20
iv lock,medex,20
IV,BD,20
green braided non absorbable surure,ethicon,20
Green ADA sampling tubes + 7plex second tubes,No manufacturer listed,20
Gel Packs,Quintiles Laboratories,20
disposable pipettes,No manufacturer listed,20
Colostomy Bag,Hollister,20
Catheter tube,Coloplast,20
Bougie Endotracheal Tube Introducer,SunMed,20
Blunt Fill Needle-Filter,BD,20
blood draw kits + tubes,pace,20
blood draw kits,No manufacturer listed,20
Adult briefs,Cardinal Health,20
Abdominal Pad,Medline,20
5mL Syringes,BD,20
3mL syringe,BD,20
3 mL syringes,BD,20
oral gel,Medline,19
Microbore Administration Set,Eitan Medical,19
Laryngeal Mask,Ambu,19
iris scissors curved 4.5,Sklar,19
Urine Collector,No manufacturer listed,18
Tweezers,Busse,18
Tru Zone Peak Flow Meter,Monaghan,18
Training underwear,P&G (Pampers),18
Tonsil Sponge,Medline,18
Tegaderm,3M,18
Suction Sleeve,Stryker,18
Sponges,Medline,18
Safety Needle,Caina,18
Quilted adult diapers,Cardinal Health,18
Quilted Adult Briefs,Cardinal Health,18
Pediatric Medium Concentration Oxygen Mask,Hudson RCI,18
Oral Syringe,Avanos,18
Nitrile gloves,Medline,18
Luer lock to Luer lock connector,Baxter,18
Interlink System,Baxter,18
Hard plastic foot braces small child size,Cascade,18
Double Female Luer Lock,Smiths Medical,18
DLP Perfusion Adapter,Medtronic,18
Blood Draw Kit,BD,18
Adhesive wound dressing,3M,18
X-Ray Detectable Guaze sponges,Medline,17
vacutainer,BD,17
USG piv kit,Medline,17
Time of Death Tag Packs,No manufacturer listed,17
SafetyGlide 1 ml Syringe,BD,17
Pippets,No manufacturer listed,17
Kangaroo,Covidien,17
General Purpose Temperature Prove,DeRoyal,17
Adult blood pressure cuff,Critikon,17
Abdominal pad,Covidien,17
Vacutainer,No manufacturer listed,16
Silicone Nipples,Dr. Brown�s Medical,16
SafetyGlide Needle,BD,16
ROCH-PEAN FORCEPS,Sklar Sterile,16
Protective Underwear,Medichoice,16
Hair cover,No manufacturer listed,16
Child Bp cuff,Critikon,16
BP Cuff,GE Medical Systems,16
blood collection set,BD,16
Blood Collection Kit,No manufacturer listed,16
Vent Tubing,No manufacturer listed,15
Vacutainer,BD,15
Urine Sample Collectors,No manufacturer listed,15
Unscheduled PK,Oncobay,15
Swab Specimen,Aptima,15
Specula,Welch Allyn,15
serological pipette,fisher brand,15
Random bags (tubes needles �),No manufacturer listed,15
Random bags,No manufacturer listed,15
radial artery catheterization set,arrow,15
Powder free exam gloves,Halyard,15
Plastic cups,No manufacturer listed,15
Patient Slippers,Medline,15
One link needle free IV connector,Baxter,15
Loose cups,Unknown,15
Insyte-N Autoguard,BD,15
hematology,No manufacturer listed,15
Flock Heat Pack,Coldstar,15
Blood Viles,BD,15
"Blood Draw Kits, Orange Cap",No manufacturer listed,15
Blood collection needle,BD,15
Berman Airway,Medichoice,15
Arterial Catheter Set,Teleflex,15
Adhesive Pad,Medtronic,15
95 kPa specimen transport bag,vonseql,15
5ml syringe,BD,15
4 way - Stopcock,Medex,15
syringe,norm-ject,14
Stomach Tube,Covidien,14
Safety Infusion Set,Bard Medical,14
Oral/Nasal Trachael Tube Cuffless,Covidien,14
Laceration Tray w/ Lidded TR,Medline,14
Injection Kit,BD,14
gel wrap,quintiles laboratories,14
Foley Catheter,Smiths,14
foam inserts,No manufacturer listed,14
Disposable inner cannula,Covidien,14
Disposable Inner Cannula,Covidien,14
Blood Draw Kit,BD,14
blood collection set,BD,14
Blood Collection Needles,BD,14
10ml syringe,BD,14
Vacutainer,BD,13
Tegaderm 4x4,3M,13
Povidone Iodine Antiseptic Swabsticks,Dukal,13
Non-pyrogenic Fluid path,ICU Medical,13
Gauze,Coviden,13
Equipment cover,No manufacturer listed,13
Eclipse Needle,BD,13
Catheter/drip,Eurofins,13
Blood collection vial,BD,13
Adult CPR bag,Mercury medical,13
Adult Aerosol Mask,Hudson RCI,13
3mL Syringe,BD,13
Vacutainer,BD,12
Urine sample jars,No manufacturer listed,12
Syringes,BD,12
suture string,ethicon,12
Suction Catheter with Chimney Valve,Cardinal Health,12
Skin and Nasal Antiseptic Swab,3M,12
Set rallonge,Couvidien,12
Quilted Adult Briefs,Cardinal Health,12
Pulse Oximeter Probe Wraps,Posey,12
Oral Swabette,Medichoice,12
Nylon suture,Ethilon,12
no sting barrier film,3M,12
Needles,Greiner,12
N95,3M,12
Introducer Sheath,Terumo,12
Inflatable Ambu Bags,No manufacturer listed,12
GVL 1 Stat,GlideScope,12
gauze sponges,Medline,12
cloth?,No manufacturer listed,12
Capillary Dialyzer,Optiflux,12
cannula,Covidian,12
Blood draw kits,BD,12
Blood Draw Kit,BD,12
Blood collection set,BD,12
Black Braided Non-Absorbable Suture,Ethicon,12
bandaids,No manufacturer listed,12
Adult Briefs,Cardinal Health,12
60mL Glass Bottle and Dropper,Centor,12
30 ml syringe lure lok tip,BD,12
10mL syringes,BD,12
vacutainer,BD,11
Vacutainer,BD,11
Test Tubes,Falcon,11
Staple Removal Kit,MediChoice,11
Spinocan Spinal Needle (varying sizes and expiration),Braun,11
"Smallbore Ext Set, Clamp, Rotating Luer (8.5 mL)",ICU Medical,11
silicone nipple w bottle collar,dr browns,11
Security bag,Health Care Logistics inc,11
rotating luer,icumedical,11
luer lock connector,No manufacturer listed,11
Kit B: Paired Biopsy Collection,Tempest Therapeutics,11
Diagnostic tubes (in bags with random things),No manufacturer listed,11
Alcohol prep,Cardinal Health,11
Woven gauze sponge,Medline,10
Vaseline,Covidien,10
Urine sample cups,No manufacturer listed,10
Urine Meter tray,Medline,10
Transparent Film Dressing,Medline,10
Tracheostomy Tube Holders,Dale,10
Tourniquet Dispo Cuff,VBM Medizintechnik,10
touhy epidural needle,Braun,10
test tubes,No manufacturer listed,10
test tube,No manufacturer listed,10
Tear away gown,No manufacturer listed,10
Sutures,Ethicon,10
Surgical glove boxes L,Medline,10
Slide Box,Fisher Brand,10
Side shields for prescription glasses,Deroyal,10
Sample collection bags,Covance,10
Quick clean micro-steam bag,Medela,10
Push button,BD,10
Providone-Iodine Swabsticks,Medline,10
Protective Disk with CHG,Ethicon,10
Plain Slides,No manufacturer listed,10
Peppermint Cream to F,No manufacturer listed,10
Oxygen Mask,No manufacturer listed,10
MiniLoc Safety Infusion Set,Bard Medical,10
MF-Milipore MCE Membrane,Merek Milipore,10
M/F luer lock plug,medex,10
Little plastic bottle with lid,No manufacturer listed,10
Jugs,No manufacturer listed,10
Insolation Gown,Dukal Corporation,10
Hydrophilic Foam Dressing,Covidien,10
GVL 2 Stat,Glidescope,10
Guaze Sponges,Medline,10
Gravity Burette Set,BD,10
Gravity Burette,BD,10
Glidescope,Verathon,10
Gauze,Medline,10
Gauze,No manufacturer listed,10
Foam Dressing,Medline,10
Fluoride Toothpaste,DawnMist,10
extension set (mini bore),BD,10
extension set (microbore),BD,10
Extension set,BD,10
Electrodes,No manufacturer listed,10
ECG electrode,ConMed,10
Drainage and Dressing Kits,Aspira,10
Containers,No manufacturer listed,10
Containers,No manufacturer listed,10
Closed Line Adaptor,Halo,10
clear test tubes,No manufacturer listed,10
Chux,No manufacturer listed,10
Catheter,Mariner,10
Catheter,Self Cath,10
Calcium Alginate Dressing,Restore,10
Border Heel,Mepilex,10
Blue Caps/Gowns,No manufacturer listed,10
Biopatch,Ethicon,10
Big syringe,No manufacturer listed,10
Bear hugger,3M,10
Bags with flexiband ties,No manufacturer listed,10
Assorted sutures,No manufacturer listed,10
Arterial Pressure Tubing,ICU medical,10
Arterial Blood Sampler,Radiometer,10
Allevyn classic,Smith&nephew,10
Aliquot V plasma sample bags,Bioagilytix,10
4-0 sutures,No manufacturer listed,10
3mL Syringes,BD,10
1ml Syringe,BD,10
10ml vacutainer,BD,10
Ventilator circuit,King system,9
Vacutainer,BD,9
Tracheostomy,Smith & Nephew,9
Tracheal Tube,Mallinckrodt,9
Thumb forceps,Busse,9
test tube medium,No manufacturer listed,9
Suction Catheter Tubing Valve,Cardinal Health,9
Steri-strip (reinforced skin closures),3M,9
Spectrum Central Venous Catheter Tray,Cook Med,9
Specimen collection kit A,Medpace reference laboratories,9
Safety Glide,BD,9
Probe cover,Parker laboratories,9
Pediatric Medium Concentration Oxygen Mask,Teleflex,9
Pediatric Breathing Citcuit,King Systems,9
PCA administration kit,BD,9
Patient slippers,Halyard,9
Optifoam basic,Medline,9
Microscope Slide,GLOBE,9
Microbore Administration Set,Eitan Medical,9
Latex surgical gloves (size 7),Molnlycke,9
Gauze Sponges,Medline,9
Gauze,Durapore,9
Fluoroscope Drape,Microtek,9
Flexible Karman Cannula,WomanCare Global,9
Feeding tube kit,Avanos,9
Epidural Needle,Arrow,9
Diapers,No manufacturer listed,9
Compression Sleeve,No manufacturer listed,9
Clear Tape,Transpore,9
Catheter,Self-Cath,9
Camera Cover,Advance,9
Balloons,No manufacturer listed,9
Adult CPR bag,Mercury Medical,9
Adult CPR Bag,Mercury Medical,9
247 Pediatric Underbody,Gentherm,9
1 mL syringes,BD,9
Wound Drainage Catheter with Barrier,Hollister,8
Urethral Catheter,Bard,8
Tracheostomy Tube Holder,Dale,8
Specimen collection bag,Convance,8
Skinny small tubes,No manufacturer listed,8
Polyisoprene surgical gloves,Molnlycke,8
Patient Slippers,Halyard,8
Orange boxes?,No manufacturer listed,8
Oral/enteral feed/med,NeoConnect/NeoMed,8
Needles,Ethicon,8
Needleless Med Prep Cannula,Covidien,8
Needle,BD,8
Mouthpiece,Hudson RCI,8
Microsuture,GEM,8
Metal pieces,No manufacturer listed,8
Mesh Gauze,DeRoyal,8
Graduated Suction Catheter with Chimney Valve,Cardinal Health,8
GLV 1 Stat,Glide scope,8
gel pack,med pace,8
Foam Dressing,Molnlycke,8
Female Luer,AMT,8
Female Foley Adaptor,Cook Med,8
Endotracheal Tube Introducer,SunMed,8
EKG Electrode,No manufacturer listed,8
Dressing,Dukal Corp,8
Drain Sponges,Medline,8
disposable syringe,nipro,8
Dental Rolls,Fabco ORS,8
Contact layer silver,Urgo medical,8
Blood Collection Set,BD,8
"Blade, Rusch Standard Macintosh #2 (dburmei)",Teleflex,8
Bifuse Entension Set,BD,8
Autoguard,BD,8
Antimicrobial Incise Drape,3M,8
Alaris Pump infusion set (0.2 Micron filter),BD,8
Adhesive sensor,Masimo,8
Adhesive Remover Wipe,Smith and Nephew,8
5mL syringes,BD,8
50mL test tubes,No manufacturer listed,8
3mL syringe,BD,8
Urostomy pouch,Hollister,7
Tubing Connector,Medichoice,7
Transporte tape,No manufacturer listed,7
Thoracic Catheter,Covidien,7
Tegaderm film,3M,7
Syringes,BD,7
Suture Kits,Ethicon,7
Surgical Gloves,Medline,7
Surgical Gloves,Molnycke Healthcare,7
Stapler cannula seal,No manufacturer listed,7
Specimen Transport Bags,No manufacturer listed,7
Skin stapler + gauze sponge,Medichoice,7
red capped vial,No manufacturer listed,7
Personal Use Pack,OC-Auto,7
Per cutaneous Entry Thinwall Needle,Cook Med,7
P1 Surgical Gloves,Cardinal Health,7
Needles,BD,7
Memory foam pads / splints,No manufacturer listed,7
Medical Bandages,Unnamed,7
Kit I: Gene Expression Collection (2TP),Tempest Therapeutics,7
kit H: gene expression collection,tempest therapeutics,7
Jug,No manufacturer listed,7
"Insulated Echogenic Needle (20 Ga, varying sizes and expiration)",Braun,7
Hypodermic Safety Needle,Magellan,7
glass slides,No manufacturer listed,7
Gauze wrap,No manufacturer listed,7
foley catheter,Bardex,7
Fixed Core Wire Guide,Cook Med,7
Fastrace,ConMed,7
Extension Set,BD,7
exploratory plasma 1 test tube,No manufacturer listed,7
DNA collection kit,Oragene Dx,7
Disposable briefs,Tranquility,7
Cysto Pack,Presource,7
Centerfuge Tubes,No manufacturer listed,7
Abdominal Pad,Medline,7
4mL Blood Vial,BD,7
3ml syringe,Lure lok,7
Valve cap,Carefusion,6
Uromatic Tur series set,Baxter,6
Urine Transfer Straw Kit,No manufacturer listed,6
urine collection tubes,No manufacturer listed,6
unisex swab specimen collection kit for endocervical and male urethral swab specimans,Aptima,6
Tuohy Epidural Needle,Braun,6
transparent film w pad,Medline,6
Tracheal Tube,Hudson RCI,6
Touhy epidural needle 3.15 inch,Braun,6
Surgical Scissors,Sklar,6
SureForm 45 reload,da Vinci Xi,6
suction catheter with chimney valve,Cardinal Health,6
Spinocan spinal needle 22 Ga,Braun,6
Spinal needle,BD,6
Snap Kap,Advance,6
Shielded Iv Catheter,BD,6
poly-lined fenestrated drape,Medline,6
Polyisoprene surgical gloves,Molnlycke,6
Polychloroprene Surgical Gloves ( Biogel Skinsense),Molnlycke,6
"polar pack (4 small, 2 big)",thermosafe,6
Plain white tubes,No manufacturer listed,6
Pencan Pencil Point Spinal Needle (varying sizes and expiration),Braun,6
Pediatric underbody,Gentherm,6
P1 Surgical Gloves,Cardinal Health,6
Orange Tape,HyTape,6
Oil Emulsion Dressing,Curad,6
Nylon,No manufacturer listed,6
Needle-Free Valves,BD,6
Mini Pans,No manufacturer listed,6
"Medscand Sample Collection Kit (25 Pap Perfect, 25 Cytobrush Plus)",Cooper Surgical,6
Kit E: Urine for PGE-M and Thromboxane,Tempest Therapeutics,6
kit d l: tpst pk collection,labconnect,6
Kit A: Archived Tumor Collection,Tempest Therapeutics,6
iris straight scissors,Sklar,6
Insyte Autoguard,BD,6
"Insulated Echogenic Needle (22Ga, various inches)",BRAUN,6
Epidural Needles 8.89cm,Arrow,6
Epidural Catheter,Portex,6
Diapers,No manufacturer listed,6
Clear pouches,No manufacturer listed,6
Catheter Connector,Portex,6
Cardboard holders,No manufacturer listed,6
Buff Na Citrate,BD,6
BD eclipse needle,BD,6
Arterial line kit,Arrow,6
Yellow sponges,No manufacturer listed,5
Wound drainage collector,Hollister,5
washcloth,No manufacturer listed,5
Vascular Closure Device,Essential Medical (Manta),5
vac granufoam dressing,kci,5
Urine Cup,No manufacturer listed,5
Ulta comfort covers,Allen,5
U-Bag urine collectors,Mabis,5
Tracheostomy Tube Cuffless with Inner Cannula,Covidien,5
TR band,Terumo,5
Tongue Depressor,Medline,5
Thoracic Catheter,Atrium,5
Testing kit,Gen mab,5
Tape,No manufacturer listed,5
Suction Catheters,Cardinal Health,5
Steri strip,3M,5
Specimen Cups,Cardinal Health,5
SorbaView SHIELD Medium,Centurion,5
Smartsite Needle Free Valve,BD,5
Skin staple remover,Busse,5
Silk adhesive with holes,No manufacturer listed,5
Silicone round drain,Bard,5
SafetyGlide Needle,BD,5
SafetyGlide 1 ml syringe,BD,5
Safety infusion set,Bard access,5
Safety glide needle,BD,5
Providone iodine swabstick,PDI,5
Pressure Injectable Arrowg+ard Blue Plus Three-Lumrn CVC kit,Arrow,5
Prep Pad,Smith and Nephew,5
PrecisionGlide Needle,BD,5
Precision glide needle,BD,5
Povidone-Iodine Swabstick,PDI,5
Pleural Drainage Starter Kit,Merit Medical,5
Plasma collection kit,BD,5
Padding,Medline,5
Pacemaker sheet,Cardinal Health,5
Oral/Nasal Tracheal Tube,COVIDIEN,5
Nonadherent strips,Covidien,5
Neurological tray,Phaser Kit,5
Med Bag,Cardinal Health,5
Luer Lock Connector,BD,5
Lube packet,OneShot,5
large clinical pak,fedex,5
Lace up boots,No manufacturer listed,5
kit c: tpst pk collection,labconnect,5
IV cathater,BD,5
Intubating Inducer,Cook Med,5
Inner Cannula,Covidian,5
Hydrocolloid Dressing,HollisterWoundcare,5
Holter/telemetry pouch,Covidien,5
Gvl 1 stat glide scope,Verathon,5
Funnel,No manufacturer listed,5
Foam pad,Covidien,5
fluid solidified kit,No manufacturer listed,5
Flex Tube,Teleflex,5
Finger sock,No manufacturer listed,5
Film Dressing,3M Health Care,5
Face Shield,No manufacturer listed,5
Dressing kit,Merit medical,5
Drainage and dressing kits,Merit Medical,5
Drainage and dressing kit,Merit Medical,5
DNA Kits,DNA Genotek,5
DNA Collection Kit,Genotek,5
Dissector sponges,Medline,5
Diapers,P&G (Pampers),5
Depth Locator,Manta,5
Cotton Tipped Applicators,Henry Schein,5
Contact Layer,Urgotul,5
Cloth surgical tape,Henry schein,5
Cloth surgical tape,Henry schein,5
Cleanser,Medline Remedy,5
Cleaning wands,No manufacturer listed,5
CathLab Kit,ICU medical,5
Catheter Exchange Long Taper,Glidwider,5
Bras,No manufacturer listed,5
blood collection needle,BD,5
Blood collection needle,BD,5
Beta Cap Clamp,Covidian,5
BD Whitacre Needle,BD,5
bartholin gland catheter,Cooper Surgical,5
bandaids,No manufacturer listed,5
Bandages,Smith and Nephew,5
ankle brace?,No manufacturer listed,5
Amplatzer,No manufacturer listed,5
3 mL Applicator,BD,5
3 mL Applicator,BD,5
24 Hour Urine Containers,No manufacturer listed,5
Washclothes,Stryker,4
vacutainer,BD,4
Urological catheter,Bard,4
urethral cathater,Bard,4
UPEP,No manufacturer listed,4
Tubing,Merit Medical,4
Tracheal Tube with TaperGuard Cuff,Covidien,4
Tracheal Tube,Covidien,4
Trach Tube,Covidien,4
Trach tube,Covidien,4
Thoracic Catheter,Atrium,4
Tegaderm,3M,4
Swabs,FLOQSwabs,4
Surgical masks,Precept,4
Suction Instrument,ConMed,4
Subassembly G,No manufacturer listed,4
Spinocan spinal needle,Braun,4
Spinal needle,No manufacturer listed,4
socks,ultracare,4
Smart sure Gravity Set,BD,4
Smallbore tubing,BD,4
Skin and Nasal Antiseptic swabs,3M,4
scissors,Skylar,4
Sample Collection,No manufacturer listed,4
Safety IV Catheter,Braun,4
Pump Infusion Set (15 Micron Filter),BD,4
protected disposable scalpels,bard parker,4
Prosthetic Feet,"College park, other",4
Prismaflex HF1400,Baxter,4
Precision Glide Needle,BD,4
Plastipak 3ml syringe,BD,4
pipettes,No manufacturer listed,4
Pediatric Underbody,Gentherm Medical,4
Orange Test Tube,No manufacturer listed,4
Oral/Nasal Tracheal Tube Cuffles,COVIDIEN,4
Nasal Feeding Tube,AMTO,4
Medical bandages,Medline,4
mayo scissor straight,Stryker,4
Maxguard Bi-fuse extension set,BD,4
Luer lock-to-urethra tip adapter,Baxter,4
Liquid Adhesive,Ferndale Laboratories,4
Lavender smelling salts,No manufacturer listed,4
Large Adult Blood Pressure Cuff,Critikon,4
Laceration Tray,Henry Schein,4
IV Catheter,Braun,4
Inner Cannula,Covidien,4
Hydrophilic foam dressing,Kendall,4
Gravity Burette Set,BD,4
GLIDESCOPE,GlideScope,4
Giant syringes,BD,4
Gel wrap,Quintiles Lab,4
Gauze bandages,Medline,4
Forceps,Sklar,4
Foley Catheter Leg Band,Dale,4
Face mask,Ambu,4
Epidural Catheter,Portex,4
ECG electrode,Con Med,4
ECG Electrode,ConMed,4
Dressing,KCI,4
Drainage Deposit,Merit Medical,4
dove bar soap,dove,4
dna diagnostic,dna genotex,4
Disposable inner cannula,Covidien,4
Dialysis Tube,No manufacturer listed,4
Decannulation stopper,Teleflex,4
Cords,No manufacturer listed,4
Compound Benzoin Tincture Swabstick,Aplicare,4
Clamp,Covidien,4
Check Valve,BD,4
Catheter device,Baxter,4
Catheter,Temuro,4
Brown Test Tube,No manufacturer listed,4
Blue Small Test Tube,No manufacturer listed,4
Blood tubes,BD,4
Bio sample Bags,No manufacturer listed,4
Berman Airway,Medichoice,4
Balloon Bags,No manufacturer listed,4
Aspira Dressing Kit,Merit Medical,4
Articulating loading unit,No manufacturer listed,4
Arterial catheterization set,Arrow,4
Anesthesia bags,No manufacturer listed,4
Allevyn non adhesive,Smith&nephew,4
Alcohol Prep Pad,Medline,4
Adult CPR bag,Mercury Medical,4
95 kPa Specimen Transport Bag,Dist. Tennant Packaging Corporation,4
5mL syringe,BD,4
4 white tubes with blue mask attached,No manufacturer listed,4
10 ml Syringe,BD,4
10 mL Syringe,BD,4
Yankaur Suction,ConMed,3
Waist bands,No manufacturer listed,3
vacutainer,BD,3
Urine test instructions,No manufacturer listed,3
Urine Collectors,No manufacturer listed,3
Two-Lumen Central Venous Access Device,Arrow,3
Tuohy Epidural Needle (18 gauge 6in),BRAUN,3
Tuning fork,No manufacturer listed,3
Tumor Tissue Box,No manufacturer listed,3
Transpore Tape,3M,3
Tracheostomy Tube XLT Cuffed,Covidien shiley,3
Thal quick chest tube set,Cook Med,3
Test tubes,No manufacturer listed,3
Tape,3M,3
Syringes,No manufacturer listed,3
Swab specimens collection kit,aptima,3
Surgical scissors,Sklar Sterile,3
Surgical Gloves,Molnlycke,3
Sunction Canister Lid,Cardinal Health,3
Suction Valve,Storz,3
Suction Catheter with Chimney Valve,Cardinal Health,3
stool collection kit,No manufacturer listed,3
Stickers,No manufacturer listed,3
Steri-Drape,3M,3
Steri strip,3M,3
StatCO2 Detector,Mercury Medical,3
spray bottle caps,No manufacturer listed,3
Spinal Needle,BD,3
Specimen containers,Nalge nunc International corporation,3
Sole inserts,No manufacturer listed,3
Sodium Flush Syringe,BD,3
"Smallbore Ext Set, Clamp, Rotating Luer",icumedical,3
Secure All Limb Holder ( 30 PR),Procare,3
Scrub brush things small,Braun,3
SafetyGlide Needle,BD,3
Safety glide needle,BD,3
Safety glide injection needles,BD,3
REM Polyhesive,Covidien,3
Pressure guide wire,No manufacturer listed,3
Precision needles,BD,3
Precision glide needle,BD,3
Plastic Pad Large,No manufacturer listed,3
Plastic leur slip syringe,Braun,3
plastic lauer slip loss of resistance syringe,Braun,3
Petroleum dressing,Curad,3
Petrolatum dressing,Gurad,3
Personal Belonging Bags,No manufacturer listed,3
Pediatrix Oxygen Masks,carafusion,3
Pediatric Trach Tube,Smiths medical,3
Nebulizer,Hudson RCI,3
Nasal Tracheal Tube,COVIDIEN,3
Nasal Cannulas,Salter Labs,3
Mucus specimen trap,Medichoice,3
Monitoring Extension Set,ICU Medical,3
MiniLoc Saftey Infusion Set,Bard,3
MiniLoc Safety Infusion Set,Bard Medical,3
Micropuncture Inteoducer Set,Cook Med,3
Med Bags,Cardinal Health,3
Laryngectomy Tube,Covidien shiley,3
Knee Brace,No manufacturer listed,3
kit o: biopsy collection,tempest therapeutics,3
kit n: ctdna collection,tempest therapeutics,3
kit k : whole blood collection,tempest therapeutics,3
IV Connector,Baxter,3
iv catheter,BD,3
iris scissors scissors 4.5,Sklar,3
Invisishield,Medline,3
Intravenous Injection Kit,BD,3
Insyte Autoguard,BD,3
Infant REM Polyhesive,Covidien,3
Hoversling repositioning sheet,CEpartner4U,3
Hard leg cast,No manufacturer listed,3
GVL 2 Stat,GLIDESCOPE,3
Guedel airway,Medi choice,3
Gravity Burette,BD,3
Forceps,Sklar,3
Food Thickener,Simply thick,3
Foley catheter,Baradex,3
FASTRACE,Conmed,3
Extension set,BD,3
EKG Electrodes,No manufacturer listed,3
Driveline Management System 2,Centurion,3
DNA saliva kit,BioAgilytix,3
Disposable Pad Cover,Vyaire,3
Disposable Face Mask (without check valve),Ambu,3
Dilatation Catheter,Emerge,3
CVC dressing kit,Medline,3
Continuous epidural anesthesia tray,Perifix,3
Continous feed extension set,Avanos,3
Compelled transition wrap,Sigvaris,3
Cohesive bandage,Coflex NL,3
COFLEX NL,3M,3
Cleaning enema bag,Medi choice,3
ChloraPrep Applicator,BD,3
Chiba biopsy needle,Cook,3
Catheter Access Port Kit,Medtronic,3
Catheter,No manufacturer listed,3
Border Heel,Molnlycke,3
Bone Marrow Mononuclear Cell Kit,Cyteir Therapeutics,3
Blood Vial,BD,3
Blood Collection Needle,BD,3
Biogel Sensor,Molnlycke,3
Bedpans,None,3
Balloon,Olympus,3
autoguard,BD,3
Auto Effluent Accessory,PrisMax,3
Anesthia face mask,No manufacturer listed,3
Aerosol Filter Mask,Respan,3
Adult Flexible Tracheostomy Tube Cuffless,Covidien,3
Adult CPR-2 Bag,Mercury Medical,3
72� arterial pressure tubing,Icumedical,3
3mL Applicator,BD,3
3mL applicator,BD,3
3M tape,No manufacturer listed,3
30 mL Glass Bottle,No manufacturer listed,3
Yankauer,Con Med,2
Y tubing Connector,Busse,2
WORD Bartholin Gland Catheter,Cooper Surgical,2
Wires,No manufacturer listed,2
Wall manometer adapter,Critikon,2
Vacutainer,BD,2
Vacutainer,BD,2
Vacutainer,No manufacturer listed,2
Urostomy bag,Hollister,2
Urological Catheter,Bard,2
Urological Catheter,Bard,2
Urological Catheter,Bard Medical,2
Urine Specimen Collector,Hollister,2
Urine collection kit,Aptima,2
Urine collection bag,Conveen,2
urethral catheter,Medline,2
tubes/ sodium fluoride,BD,2
Trash Bag,No manufacturer listed,2
Transparent Film w/ Pad,Medline,2
tracheostomy tube,"Smiths Medical ASD, Inc.",2
Tracheal Tube,Shiley,2
Tracheal Tube,Teleflex Medical,2
tegaderm film,No manufacturer listed,2
Teal Surgical Pad,No manufacturer listed,2
Tape Measure,DeRoyal,2
Tape,Dukai,2
syringes,BD,2
Syringes,BD,2
Swabs,FLOQSwabs,2
SurgiCount Safety Sponge,Stryker,2
Surgical gloves,Biogel,2
Surgical gloves,Medline,2
Surgical gloves,Molnlycke,2
Surgical gloves,M�lnlycke,2
Suction Catheters,Medichoice,2
suction cap and glove kit,vyaire,2
Straight Tubing Connector,Busse,2
Steri-Strip,No manufacturer listed,2
Sterilization tool,No manufacturer listed,2
Steri Drape,3M,2
Stax finger splint,No manufacturer listed,2
staple line reinforcement,gore,2
Spring Wire Guide with Arrow Advancer,Arrow,2
spray bottle top,No manufacturer listed,2
Spinal Needle,B Braun Medical,2
Spinal needle,BD,2
Solution Set,Clear link System,2
Small Bore Tubing Extension Set,BD,2
Skyla levonorgestrel-releasing intrauterine system,Bayer,2
Sinus-pak drawstring,Merocel,2
Single Stage Benous Cannula,Medtronic,2
Silver dressing,VAC,2
Silicone Sheeting,Invotec,2
Shielded IV catheter,BD,2
Serum marker,BD,2
secondary set,BD,2
Salem Sump Anti Reflux Valve,Covidien,2
Safety Needle,Covidien,2
Safety Infusion Set,Bard,2
Safety infusion set,Bard Access Systems,2
safety infusion set,miniloc,2
safety glide needle,BD,2
Safety glide injection needle,BD,2
safety blood collection needle,micsafe,2
ROCH-PEAN FORCEPS,sklar,2
Resistance syringe,Portex,2
Radial Artery Catherization Set,Arrow,2
Radial access catheter,Medtronic,2
PVC Nasopharyngeal Airway,Teleflex,2
Protective disk with CHG,Biopatch,2
Pressure Injectable Arrowg+ard Blue Plus Two-Lumen CVC Kit,Arrow,2
Plastipal 3ml syringe,BD,2
Plastic Bags,No manufacturer listed,2
Plain Packing Strip,No manufacturer listed,2
petrolatum dressing,curad,2
Perifix Tuohy Epidural Needle,Bruan,2
Perifix Clamp Style Catheter Connector,Braun,2
Pediatric Arm Splint,No manufacturer listed,2
patient slippers,halyard,2
Patient slippers,Halyard,2
Para pak,No manufacturer listed,2
Oxygen Tube with 2 super soft connectors,INTERSURGICAL,2
ostomy barrier ring pack of 10,hollister,2
Oral/Nasal Tracheal Tube Cuffless,Covidien,2
Oral/Nasal Tracheal Tube,Covidien,2
Nose cushion,Respironics,2
Non-conductive connecting tube 20� length,Medline,2
Neuro Guidewire with Hydrophilic coating,Stryker,2
Needles,Braun,2
needles,bygone,2
Needle free IV connector,Baxter,2
needle,BD,2
Nasopore 4cm,Stryker,2
Nasal Feeding Tube with Stylet and ENFit,AMT,2
mucus specimen trap,medchoice,2
Mouthpiece,No manufacturer listed,2
Monitoring Extension Set,ICU Medical,2
Minicap,Baxter,2
Microscope slides,No manufacturer listed,2
Mic Peg Replacement Feeding Adaptor,Avanos,2
metal waist/leg braces,Cascade,2
Mepilex lite,M�lnlycke,2
mayo hegar,sklar,2
Lumbar Puncture,Presource,2
Luer Lock,BD,2
Low pressure stopcock with male collar,Namic,2
Line draw arterial blood sampling kit,Smiths medical,2
Latex Bands,No manufacturer listed,2
Large bag with a zipper,Wright and Fillipis,2
Kit G: TPST PD Collection (2TP),Tempest Therapeutics,2
Kendall Medical Recording Chart Paper (21.4 cm x 83.8 m),Cardinal Health,2
kangaroo enfit transition connector,coviden,2
IV tape,No manufacturer listed,2
IV catheter 1.77 in,BD,2
IV catheter,Braun,2
IV administrator,BD,2
Isothermal adult omniflex connector,AirLife,2
Intubation Stylet,Teleflex Medical,2
Intubating stylet,Hudson RCI,2
Intubating Stylet,Novaplus,2
Intubating stylet,Novaplus,2
Introducer,SunMed,2
Intravia container,Baxter,2
Insulin Syringe,BD,2
Inner cannula,Covidien,2
Injection Needle,BD,2
Hydrocolloid dressing,Comfeel plus transparent,2
High Volume Tapered Cuffed Tracheal Tube,Hudson RCI,2
High Volume Tapered Cuffed Tracheal Tube,Teleflex,2
High Speed RAD 55 curved bur dental,No manufacturer listed,2
Guidewire,Argon,2
Guedel airway,Medi choice,2
Gravity Burette Set,BD,2
Graduated nurser with cap,Mead Johnson,2
Graduated Nurser,Mead Johnson,2
Glidewire,Radiofocus,2
GlideScope,ScopeGliders,2
General Purpose Probe Cover,No manufacturer listed,2
Gauze sponges,Medline,2
Gauze,Medichoice,2
Gauze,No manufacturer listed,2
Gauze,No manufacturer listed,2
Foot Boots,Aircast,2
Foley Tray System,Bard Medical,2
Foley Tray System,Bard Medical,2
Foley Catheter,Bard,2
Flip lock needles,MHC Medical Products,2
Flat epidural filter,Teleflex medical,2
Finger Splints,Richardson Products,2
Filter Needle,BD,2
filter extension sets,braun,2
Feeding Tube,No manufacturer listed,2
Facioplasty elastic support,Jobst,2
Face Shields,No manufacturer listed,2
Face Shield,No manufacturer listed,2
face masks,dymex,2
Eye Test Chart,Good lite,2
External urine management,Stryker,2
Extension Tube,Covidien,2
Extension set,BD,2
Extension set,BD,2
Epidural needle,Braun,2
Endotracheal Tube Bite Block,BB medical technologies,2
Elastic net,Medline,2
Elastic Net,Medline,2
Elastic net,Medline,2
Elastic Bandage,Medline,2
Ebelization Coil,Cook Med,2
Dura-cuffs,No manufacturer listed,2
Dual lumen stomach lube,Covidien,2
Driveline Management System 2,Centurion,2
Driveline Management System 1,Centurion,2
Drainage system,No manufacturer listed,2
Disposable Face Mask (with check valve) Large,Ambu,2
Disposable ear curette,Henry Schein,2
Disposable ear curette,Henry schein,2
Disposable anesthesia face mask,Ambu,2
Dental Retention Rim,Boston Scientific,2
CPR-2 bag,mercury medical,2
Cotton tipped applicators,Henry schein,2
Cotton Tipped Applicators,Medline,2
Cook Chest Drainage Valve,Cook Med,2
Conditioning Garment,MXP fitnessgear,2
Clear pouches,No manufacturer listed,2
clamp style catheter connector,perifix,2
Chest Tube Insertion Pack,Cardinal Health,2
Cervical collar Sm/Long,Procare,2
Central Venus access kit,Arrow,2
Catheters,Medline,2
Catheter Tray,Cook Med,2
Catheter stabilization device,Statlock,2
Catheter extension set,Baxter,2
Catheter,Bard,2
Catheter,BD,2
catheter,self cath,2
Cassette,ASP,2
Bubble Humidifier,Salter Labs,2
Brace band,Michigan,2
Bra,Amoena,2
Border Post-up,Mepilex,2
Blunt Cannula,Medex,2
Blue tourniquet bands,No manufacturer listed,2
blue clips,No manufacturer listed,2
Blood test kit,Labcorp,2
blood pressure cuffs for large adults,critikon,2
blood pressure cuffs,critikon,2
Blood Collection Set,BD,2
Bladder catheter tiemann,Teleflex,2
Biopsy Instrument,Bard,2
Biopatch,Ethicon,2
Biogel Sensor,Molnlycke,2
Biliary Balloon Probe,Fogarty,2
BD Secondary Set,BD,2
BD connecta,BD,2
Barrier film,3M,2
Bandaid,CURAD,2
Balloon Expandable Biliary Stent,Valeo,2
Bair Hugger,3M,2
Bacterial Filter,Airlife,2
Aspira Dressing Kit,Merit Medical,2
Arterial Pressure tubing,ICU medical,2
Arterial pressure tubing,ICUMedical,2
Arm Sling,No manufacturer listed,2
Applicator,BD,2
Anti-Siphon Valve,Medstream,2
AngioJet Ultra Power Pulse Kit,Boston Scientific,2
Anesthesia face mask pediatrics,Ambu,2
All-silicone Foley catheter,Bard,2
All purpose urethral catheter,Bard,2
Aliquot Plasma samples,Bioagiltix,2
Alcohol swaps,Webcol,2
Alcohol prep wipes,Covidien,2
Alcohol prep wipe,Cardinal Health,2
alcohol prep pads,Cardinal Health,2
alcohol prep pads,McKesson,2
Adult SpO2 Sensor,Covidien,2
adult pulse oximeter adhesive sensor,masimo set,2
Adult General Purpose Foam,Totaltrace,2
7 1/2 surgical gloves,molnycke,2
6 1/2 surgical gloves,molnlycke,2
3ml Syringe,BD,2
30 ml Syringe,BD,2
30 ml syringe,BD,2
30 mal syringes,BD,2
20ml syringe,BD,2
20 mail syringe,BD,2
10ml syringe,BD,2
10 ml syringe,BD,2
10 mL syringe,BD,2
45310.65764,Halyard,2
Y-Site extension with enfit connection,Covidien,1
Yankauer Suction Tube,tyco,1
Yankauer,Con Med,1
Y tubing connector,Busse,1
Xero form Occlusive Gauze Strip,Covidien,1
Woven gauze sponges,Medline,1
Woven gauze sponges,Medline,1
Woven gauze sponges,Medline,1
Wound pouches,Eakin,1
Wireless Chair Sensor pad,Posey,1
Whitefoam Dressing,KCI,1
Wee Soothie (pacifier),Philips,1
wayne pneumothorax tray,Cook Med,1
Washcloths,Stryker,1
wall holder assembly,hillrom,1
Wall Holder,Hillrom,1
Vial,BD,1
Venous walkstent,Boston,1
vascular retrieval forceps,Cook Med,1
VaPro Plus Pocket,Hollister,1
Vacutainer,BD,1
VAC Whitefoam Dressing,Acelity,1
V.A.C Granuform Dressing,KCI,1
Urostomy pouch,Hollister,1
Urological catheter,Bard,1
Urological Catheter,Bard Medical,1
Urine Collector,Mabis,1
Urine collection pouch,Conveen,1
Urine Collection Bag,Conveen,1
Urethral Catheterization Tray,Bard,1
Urethral Catheter,Medline,1
Ureternal stent set,Cook Med,1
Universal Securement Device,TIDI Products,1
Universal articulating loading unit,Coviden,1
Underpads,Cardinal Health,1
Umbilical catheter,Vygon,1
Ulnar Nerve Protector,Cardinal Health,1
Ulnar Nerve Protector,Halyard,1
TURY Set,ICU medical,1
tuohy needle,natus,1
Tubing connector,Medtronic,1
Tubing Arterial Pressure,ICU Medical,1
Tubes,No manufacturer listed,1
Tube kit,No manufacturer listed,1
Tube,No manufacturer listed,1
T-tube silicone,No manufacturer listed,1
"Tray, skin prep, dry, forecep",Presource standard,1
Transseptal needle,Baylis,1
Transseptal needle,St. Jude Medical,1
Transparent film dressing,Medline,1
Transpacific Transposable Transducer,ICU Medical,1
Transition Connector,Covidien,1
transfusion catheter kit,vygon,1
Tracheostomy Tube Cuddles with Inner Cannula,Covidien,1
tracheostomy tube,covidien,1
Tracheostomy Tube,Covidien,1
tracheostomy tube,portex,1
Tracheostomy Tube,Smiths Medical,1
Tracheal Tube,Hudson RCI,1
Trach tube,Smiths medical,1
Trach tube,Teleflex,1
Toothbrush,No manufacturer listed,1
Toddler Face Mask,Smiths Medical,1
Tissue oximeter,ViOptix,1
Tisseel Spray Set,Baxter,1
Tisseel Spray Set,Baxter,1
Tip Cover Accessory,Intuitive Surgical,1
"Thunderbeat 5mm, 35cm front-actuated grip type S",Olympus,1
Thoracic Catheter,Atrium,1
Thoracic Catheter,Atrium,1
Thoracic Catheter,Atrium,1
Thoracic Catheter,Atrium Medical,1
Thinwall needle,Cook Med,1
thermometer probe covers,Hillrom,1
Temperature sensing hydrogel coated foley catheter,Bard,1
Temperature Sensing,Medline,1
Temperature log tag,No manufacturer listed,1
Temperature Ablation Catheter,Boston Scientific,1
Temp probes,Derroyal,1
Tegaderm +Pad,3M,1
Tegaderm,3M,1
Tegaderm,3M,1
Tegaderm,No manufacturer listed,1
Tegaderm,No manufacturer listed,1
Teaspoon,No manufacturer listed,1
Tape Measure,DeRoyal,1
Tape,Cardinal Health,1
Tape,Curad,1
Syringe Caps,Covidian,1
Syringe and Needle,Smiths Medical,1
Syringe,BD,1
Syringe,BD,1
Syringe,BD,1
Syringe,BD,1
Syringe,Covidian,1
Syringe,Monoject,1
Swab specimen collection kit,Aptima,1
Swab specimen collection kit,Aptima,1
Swab set,BD,1
Swab collection kit,BD,1
Suture Removal Kit with PVP,Henry Schein,1
Suture removal kit,Medical Action Industries,1
Suture needle,Ethicon,1
suture kits,Ethicon,1
Surgicel fibrillar,Ethicon,1
Surgical Tape,3M,1
Surgical Tape,3M,1
Surgical solution,No manufacturer listed,1
Surgical Skin Marker,Medline,1
Surgical Skin Marker,Medline,1
Surgical Skin Marker,Medline,1
Surgical Scrub Brush,BD,1
surgical lubricant,surgilube,1
Surgical Gown,Novo Health services,1
Surgical Gloves,Cardinal Health,1
Surgical Gloves,Medline,1
Surgical gloves,Medline,1
Surgical gloves,M�lnlycke,1
Surgical gloves,Molnlycke biogel sensor,1
Surgical Gloves,Triumph,1
Surgical Floor Mat,Aspen Surgical,1
Surgical Drape,3M,1
Surgical blades,Bard parker,1
SureStep Foley Tray System,Bard,1
Suresite 123+ Pad,Medline,1
Sully shoulder,Donjoy,1
Suction Tubing,Coviden,1
Suction tubing,Medichoice,1
Suction tubing,Medichoice,1
Suction Tubing,Medichoice,1
Suction toothbrush,Toothete,1
Suction swab,Stryker,1
Suction safe,Sonek,1
Suction Pad,Hollister,1
Suction instrument yankauer,Conmed,1
Suction instrument,ConMed,1
suction catheter whistle tip,Medline,1
suction catheter,covidien,1
Suction catheter,MediChoice,1
Suction catheter,Medline,1
Stylet kit,Medtronic,1
straight connector,pleur evac,1
Stopper,Merit Medical,1
Stool Specimen Cup,Para-Pak,1
Stomasoft laryngectomy tube,Inhealth technologies,1
Sticker tags,No manufacturer listed,1
Stethoscope,No manufacturer listed,1
Steristrip,3M,1
Steri strip,3M,1
Start up kit,Zoll,1
Staple removal kit,Medichoice,1
Standard Surgical O.R. Towels,Nova plus,1
Spring-Wire Guide,Arrow,1
Spring-Wire Guide,Arrow,1
Spring-Wire Guide,Arrow,1
Spring-Wire Guide,Arrow,1
Spring-Wire Guide,Arrow,1
Spring-Wire Guide,Arrow,1
Spring-Wire Guide,Arrow,1
Spring-Wire Guide,Arrow,1
Spring-Wire Guide,Arrow,1
Spring-Wire Guide,Arrow,1
Spring-Wire Guide,Arrow,1
Spring-Wire Guide,Arrow,1
Spring-Wire Guide,Arrow,1
Spring wire guide,Arrow,1
Spray bottle cap,No manufacturer listed,1
Spinocan spinal needle 22Ga,Braun,1
Spinocan spinal needle 18Ga,Braun,1
Spinocan Spinal Needle (18 Gauge),Braun,1
Spine xray brace,No manufacturer listed,1
Spinal needle tray,Braun,1
Spinal Needle Tray,Braun,1
"Spinal Needle (20 gauge, 3.5 in)",BD,1
Spinal needle,B Braun,1
Spinal Needle,Braun,1
Spinal Needle,Hakko,1
Spinal needle,Hakko,1
Spinal needle,Havels,1
Spinal Needle,spinocan,1
Spinal Needle,Spinocan,1
spinal needle,No manufacturer listed,1
Spider FX,No manufacturer listed,1
SpeediCath Compact Set,SpeediCath,1
Specimen Collection Bag,Labcorp,1
soft race small RTL,CONMED,1
soft cloth surgical tape,3M,1
Soap Dish,Medline,1
Snare kit,Ev3,1
smallbore tubing,BD,1
Smallbore ext. set clamp rotating luter,ICU medical,1
Smallbore ext set,ICU Medical,1
Small Volumr nebulizer,West Med,1
Small Volume Nebulizer,VixOne,1
Slim Body Skin Stapler,Covidien,1
Slide box,Fisherbrand,1
Sleep Mask,Medichoice,1
Skyla levonorgestrel-releasing intrauterine system,Bayer,1
Skin test applicator,Lincoln,1
Skin Protectsnt,Medline,1
Skin Closure,Steri Strip,1
single-lumen infusion catheter,teleflex,1
Single use scalpel,Lance,1
Single use layngeal mask,Ambu,1
Single use laryngeal mask,Ambu,1
single port feed extension set,avanos,1
Single dose epidural anesthesia tray,Braun,1
Silicone Tracheostomy Tube,Portex,1
Silicone Foley catheter 2-way,Coloplast,1
Silicone foam dressing,Mepilex,1
Side-Arm Introducer,Cook Med,1
Shyringe,Avanos,1
Short nose clamp for outlet port of plastic container,Baxter,1
shielded iv catheter 1.88 in,BD,1
shielded iv catheter 1.16 in,BD,1
Shielded IV catheter 1.16 in,BD,1
Shielded IV Catheter,BD,1
shielded blood cannula,ICU medical,1
sharps disposal with some alcohol wipes inside,henry schein,1
Sewn Band Bag,Vital Care Industries,1
securement device,centurion,1
Securement Device,Centurion Medical Products Corps.,1
Secure view port,No manufacturer listed,1
Secure all limb holder,DJO,1
Secondary Set,BD,1
Scalpel,Bard Parker,1
Scalpel,Bard Parker,1
scale,MH,1
Sampling line,Kingsystems,1
Salem sump,Covidien,1
SafetyGlide Needle,BD,1
Safetyglide needle,BD,1
SafetyGlide Needle,BD,1
Safety Tube Holder,greiner bio one,1
safety needle,Covidian,1
Safety Multifly Needle,Sarstedt,1
Safety Infusion set,Bard,1
Safety Infusion Set,Bard,1
Safety infusion set,Bard,1
Safety infusion set,miniLoc,1
Safety Infusion Set,MiniLoc,1
Safety glide needle,BD,1
safety glide needle,BD,1
Safety glide injection needle,BD,1
Safeset Shielded Blunt Cannula,ICU Medical,1
Roll of Gauze,No manufacturer listed,1
Ring Cushion,Medline,1
Rice Baby Food,Gerber,1
reusable monoject plunger rod,BD,1
Retail clothing lane,No manufacturer listed,1
Respirator,Kids Med Brand,1
Respiration Kit,Hudson RCI,1
Residual leg limb sock for prosthetic,No manufacturer listed,1
Reservoir set,Amcor,1
Replacement lamp,WelchAllyn,1
removable IV connector,BD,1
Regional anesthesia support tray,Braun,1
Reflex hammer,No manufacturer listed,1
Red Bag,Tidi Shield,1
radiotranslucent electrode,padpro,1
Radial artery catheterization,Teleflex,1
Radial Artery Catheter,Arrow international,1
Quick core biopsy needle set,Izi medical,1
Quick Check Sterilization Wrap,Halyard,1
PVC nasopharyngeal airway,PVC,1
pupil gauge,medichoice,1
Pump infusion Set (opened!),BD Alaris,1
Pump infusion set,BD,1
Pump Infusion Set,BD,1
Pump Infusion Set,BD,1
pulse oximeter adhesive sensor,Masimo set,1
Pulse oximeter adhesive sensor,Masimo set,1
Pulse oximeter adhesive sensor,Masimo set,1
Pulse Ox Adhesive Sensor,Maximo SET,1
PSI Kit for use with 7.5-8 Fr. Catheters,Arrow,1
protective seal,Brava,1
Protective powder,Stomahesive,1
Protective disk with CHG,Biopatch,1
Protective disk with CHG,Ethicon,1
protected disposable Scalpel stainless steel blade,bard-parker,1
Procedure Gown,Halyard,1
Probe Well Kit,WelchAllyn,1
PrimaFit device,Stryker,1
Pressure Tubing,No manufacturer listed,1
pressure rates extension set,BD,1
Pressure Rated Extension Set,BD,1
Pressure Rated Extension Set,BD,1
Pressure infuser,Medline,1
Pressure Cuff (small adult),Dura-Cuf,1
Prep Resistant Skin Marker,WriteSite Plus,1
premium underpads,Cardinal Health,1
Pre-Connected Urethral catherization tray and bag,Medline,1
Precision glide needle,Cardinal Health,1
PPE apron,No manufacturer listed,1
Port,Centurion,1
Polypectomy snare 15mm rounded-stiff,Boston scientific,1
Polyisoprene surgical gloves (size 6),Molnlycke,1
Polyisoprene surgical gloves,Molnlycke,1
Polychloroprene Surgical Gloves,Molnlycke,1
Plunger rod,BD,1
Pleural Drainage Catheter Insertion Tray,Aspira,1
Pleural Drainage Catheter Insertion Tray,Merit Medical,1
Plastipak 3mL syringe,BD,1
Plastipak 3 mL Syringe Luer-Lok Tip,BD,1
Plastipak 3 mL Syringe,BD,1
Plain Packing Strip,Curad,1
Pipe Cleaner,Keysurgical,1
Pinnacle,Terumo,1
Pinnacle,Terumo,1
pin pad,perifix,1
Pillow,No manufacturer listed,1
Pill Cutter,Ezydose,1
PI Indicator Underglove,Molnlycke,1
Phone,Med Pat,1
Phasor drill,Phasor Health,1
PhaSeal,BD,1
Petrolatum dressing,Curad,1
PeriVac Kit,Boston Scientific,1
Peripheral orbital system,Pas technology,1
PERIFIX filter (use with epidural catheter),BRAUN,1
PERIFIX 5ml glass luer slip (loss of resistance syringe),BRAUN,1
Percussor,No manufacturer listed,1
Pencil point spinal needle 20 Ga,Braun,1
pencil point spinal needle,braun,1
Pediatric Syringe Kit,Charter Medical,1
Pediatric pulseox,Masimo,1
Pediatric Bougie Endotracheal Tube Introducer,SunMed,1
peak flow meter,monaghan,1
PD Biomarker Plasma Kit,Cyteir,1
"PCA administration kit, reusable monoject plunger rod",BD,1
PCA administration kit,BD,1
Patient gown,Gentherm,1
paper,standard register,1
Pad,No manufacturer listed,1
Packing Gauze,Fabco,1
Oxygen Tubing,Intersurgical,1
oxygen tubing,No manufacturer listed,1
Oxygen Mask,Kids med,1
Overwear,Standard Textile,1
Otologic Lamina,Medtronic,1
Ostomy supplies,Hollister,1
orange tube,No manufacturer listed,1
Orange tape,No manufacturer listed,1
Orange Sample Canister,Simport Science,1
oral/nasal tracheal tube cuffed,coviden,1
Oral/Nasal tracheal tube,Covidian,1
Oral/Nasal Tracheal Tube,Covidien,1
"Operating Scissors (straight, sharp/blunt)",Sklar,1
O.R. Towel,Medical Action industries,1
Nursing pad,Covidien,1
non-winged tuohy epidural needle,BRAUN,1
Non-DEHP micro volume extension set,Baxter,1
Non sterile barrier,Symmetry surgical,1
Nitrile Exam Gloves,Basic,1
Newborn Pacifier,Phillips,1
Nerve Locator,Medtronic,1
Nerve block tray,Braun,1
nerve block tray,braun,1
Neonatal pulse oximeter,Masimoset,1
Neonatal Pediatric ECG Electrode,Con Med,1
Neonatal Electrodes,Cardinal Health,1
Neon glasses case,Medichoice,1
needle connected to tubing,No manufacturer listed,1
Needle Blade,BVI Beaver,1
Needle (0.5mm x 16mm),BD,1
Needle,BD,1
needle,BD,1
needle,BD,1
Needle,BD,1
needle,BD,1
Neck Bracr,Aspen,1
Nebulizer,Hudson RCI,1
nebulizer,No manufacturer listed,1
Nasopore 8cm,Stryker,1
nasopharyngeal temperature probe,deroyal,1
Nasopharyngeal temp probe,DeRoyal,1
Nasopharyngeal airway,Teleflex,1
Nasal tube retaining system,Amt,1
Nasal Tube,Amt,1
nasal gastric feeding tube,avanos,1
nasal feeding tube with stylet,AMT,1
nasal feeding tube,AMT,1
Nasal Divided Cannula,Salter Labs,1
Nasal Cannula 7ft,Hudson RCI,1
Nasal Cannula (adult),Salter Labs,1
Nasal Cannula,Hudson,1
Nasal cannula,No manufacturer listed,1
Nasal Cannula,Salter Labs,1
Nail,Saint Johns,1
Muslin Gauze Towel,DeRoyal,1
MRI implantable port,band access systems,1
Mouth airway,Medichoice,1
mosquito for pets 5��,fine surgical instrument,1
Monoject 1 ml syringe with hypodermic safety needle,Covidien,1
Monofilament,Goretex,1
monitoring extension set,icumedical,1
Monitoring Extension Set,No manufacturer listed,1
Mixer,Kyphon,1
Minor Dry Skin Prep Tray,Medline,1
Minor Dry Skin Prep Tray,Medline,1
MiniCap with Povidone Iodine Solution,baxter,1
Mini Duckbill Ck Valve,Medex,1
milk straw with ENfit connection (5�),covidien,1
Milk straw with enfit connection,Covidien,1
milk collection system (breast pump),ameda,1
Micropuncture Introducer set,Cook Med,1
Micropuncture introducer set,Cook Med,1
Micropore,3M,1
Microlaryngeal oral/nasal tracheal tube cuffed,Covidien,1
Microintroducer Kit,MicroEZ,1
Microcatheter,Stryker,1
Microbore infusion set with vented/non vented spike,Elton medical sapphire,1
Mepilex Lite,Molnlycke,1
Mepilex Border Heel,Molnlycke,1
Medi-Vac,Cardinal Health,1
medium titanium ligating clips,teleflex,1
Medipore +pad,3M,1
Medipore + pad,3M,1
Medipore,3M,1
medication transfer bag,No manufacturer listed,1
medical tape,transpore,1
Medical Recording Chart Paper Packs,Cardinal Health,1
MAYO scissors,Sklar Sterile,1
Mayo Diss Scissor,Sklar,1
MaxGuard Bi-fuse extension set,BD,1
Manifold 2-gang 4wy LB WH knob,Medline,1
Male Incontinence Catheter,Hollister,1
Mailing Envelope Kit,Immunostics,1
Magil cath fcp,Sklar,1
Madgic,Teleflex,1
MADgic,Teleflex Medical,1
lumbar catheter closed tip,integra,1
luer lock adapter 4 inch,Fresenius medical care,1
Lubricating Jelly,HR Pharmaceuticals,1
Low pressure stopcock with rotating male collar,Medline,1
Low pressure stopcock with rotating male collar,Namic,1
Loose scissors,Pakistan U,1
Long thbe,No manufacturer listed,1
Leg brace,Breg,1
Leg brace,Donjoy,1
Lead clippers,Cook Med,1
Lavender Inhaler,Michigan Medicine,1
Laser Oral Tracheal Tube,Covidien,1
Laryngectomy tube,In health technology,1
Laryngeal Tracheal Tubing,Teleflex,1
Larygngeal Tracheal,Teleflex,1
Lace,No manufacturer listed,1
kit s: urine serum plasma and gene expression,tempest therapeutics,1
Jejunal feeding tube,Avanos,1
Jackson Rees Modification,King Systems,1
IV Sticker,Tegaderm,1
Iv start kit,Medichoice,1
IV monitoring kit neonatal,icumedical,1
IV monitoring kit,ICu medical,1
IV Kit,BD,1
IV connector,Baxter,1
IV catheter 3.25 in,BD,1
IV catheter 1.75 in,BD,1
IV Catheter,BD,1
IV Catheter,BD,1
IV catheter,BD,1
IV catheter,Braun,1
IV catheter,Braun,1
IV Catheter,Braun,1
IV Catheter,Smiths Medical International,1
iv administration sets,braun,1
ISO Drape Isolation Bag,Microtek Medical,1
Irrigation Splash guard,Busse,1
Iris Scissors 4.5��,Sklar,1
Intubation equipment,No manufacturer listed,1
Intubating Stylet/ADULT,Novaplus,1
Intubating Stylet,Hudson RCI,1
Intubating Stylet,Teleflex,1
Introductor sheath,Terumo,1
Introcan Saftey IV Catheter,Braun,1
Interpulse hand piece set with bone cleaning tip and suction tube,Stryker,1
Intermittent Catheter tray,Bard,1
Insyte Autoguard (14 gauge),BD,1
Insyte Autoguard,BD,1
Inner Cannula Disposable,Covidien,1
Inner Cannula,Coviden,1
infant underbody,gentherm,1
Infant heel warmer,Medichoice,1
Infant Defibrillator Electrodes,PadPro,1
Inelastic wrap - foot,Sigvaris,1
Impervious Surgical Gown,Cardinal Health,1
impervious stockinette,medichoice,1
I�ve Sevondary Set,BD,1
Hygienic full-body washcloths,Stryker,1
Hydrophilic foam dressing,Covidien,1
Humidifier Adapter,teleflex,1
Huggables ECG electrode,conmed,1
Hubless Silicone flat drain,Bard,1
Homeostatic Dressing,ControlPlus,1
Hollister 40mm,Hollister,1
hold-n-place leg band,dale,1
Hi-Lo Oral/nasal tracheal tube cuffed,Covidien,1
hemostatic dressing,quickclot,1
Heat and Moisture Exchanger,Kingsystems,1
Heart start infant/child smart pads cartridge,Phillips,1
Heart Pillow (literally),Shumsky,1
Headphones,No manufacturer listed,1
Guiding sheath,Terumo I,1
Guiding catheter,Medtronic,1
guidewire with ICE Hydrophilic Coating,Boston Scientific,1
Guide Wire M,Terumo,1
Guedel Airway,Medichoice,1
Guedel airway,MediChoice,1
Green Test Tube,No manufacturer listed,1
Gravity Set Check Valve,BD,1
Gravity set,BD,1
Gravity Feeding Tube,Covidien,1
Gravity Feeding Bag,Covidian,1
Gravity Burette Set,BD,1
Grandfoam Silver Dressing,KCI,1
Graduated Suction Catheter with Chimney Valve,Cardinal Health,1
graduated suction catheter with chimney valve,Cardinal Health,1
Graduated Suction Catheter with Chimney Valve,Covidien,1
Graduated Suction Catheter w/ Chimney Value,Cardinal Health,1
Gown,No manufacturer listed,1
gold M logo arm sling XL,kenad sg,1
gloves,Medline,1
Glove,Molynlyckle,1
Glidesheath access kit,Terumo,1
Glidescope,No manufacturer listed,1
General Purpose Temperature Probe,DeRoyal,1
Gauze Sponges,Covidien,1
Gauze Sponges,Medline,1
Gauze bandage,Medline,1
Gauze bandage,Medline,1
Gauze Badage,Medline,1
Gastrostomy Feeding Tube,Avanos,1
gastronomy feeding tube,avanos,1
Gastric tube,Vygon,1
Gastric Aspiration Tube,Vycon,1
Funnel Connector w cap,Cedic Srl,1
Forcep,Sklar,1
Foot brace adult,No manufacturer listed,1
Foley Tray System,Bard,1
Foley Tray System,Bard Medical,1
Foley Tray System,Bard Medical,1
Foley Tray System,SureStep,1
Foley Stabilization,Statlock,1
Foley Catheter With Temperature Sensor,Smith Medical,1
Foley catheter tray,Bard,1
Foley Catheter,Bard,1
Foley Catheter,Bard Medical,1
Foley Catheter,Bardex,1
Foley Catheter,Bardex,1
FOB Enhanced Readability Test Kit,Henry Schein,1
Foam positioner,Halyard,1
Foam,No manufacturer listed,1
Foam,No manufacturer listed,1
Fluoroscope Drape,Ecolab,1
Fluid path,Rx only,1
Flexor Check-Flo Introducer,No manufacturer listed,1
Flexor check flo,Cook Med,1
Flexible Yankauer,Coviden,1
Flexible Yankauer,Covidien,1
Flexible Yankauer,Covidien,1
Flex Connector,Avanos,1
flat epidural filter 0.2 mL,Braun,1
fixed pressure valve,codman,1
Filter Funnel,No manufacturer listed,1
Filter,Pall,1
FemoStop Gold Femoral Compression System,St Jude Medical,1
Female Luer/Oral-to-female D,Enfit,1
Female Luer Adaptor,Applied Med Tech,1
Female luer,AMT,1
Face Shield,No manufacturer listed,1
face mask,ambu,1
Face Mask,Ambu,1
Face goggles,DeRoyal,1
Face cover,No manufacturer listed,1
External CSF drainage system replacement bags,Integra,1
extension tubing,avanos,1
Extension Set Minibore,BD,1
extension set,mini one,1
Exchange Transfusion set,Vygon,1
Exchange transfusion set,Vygon,1
Exam gloves,Medline,1
Eswab collection and transport system,BD,1
ESwab,BD,1
Esophageal Stethescope,De Royal Industries,1
Epump set with flush bag,Covidien,1
Epidural Needle (Tuohy-Schliff),BRAUN,1
Epidural catheterization kit,Arrow,1
Enteral Funnel ENFit Transition connector with cap,cedic srl,1
Endovascular Snare System,No manufacturer listed,1
End Tidal CO2 Detector,Mercury Medical,1
Electrophysiology catheter,Biosense webster,1
Electrolyte Powder,Abbott,1
Elastic Net,Medline,1
Elastic Net,Medline,1
Elastic Net,Medline,1
Elastic Bandage,Novaplus,1
EKG Electrodw,CONMED,1
Economy Hip Kit,Sammons Preston,1
ECG tab style electrode,CONMED,1
ECG Electrode,ConMed,1
ear and ulcer syringe,Medichoice,1
DuraPrep Surgical Solution,3M,1
Dura-cuf,Critikon,1
Dura cuffs,Critikon,1
DuoDerm Extra Thin spots,ConvaTec,1
Dual Lumen Stomach Tube,Covidien,1
Dual Lumen Stomach Tube,COVIDIEN,1
Dual lumen stomach tube,Covidien,1
Dual Lumen Stomach Tube,Covidien,1
Dry Tray,Medline,1
Drill With Kit,Phasor,1
drill with kit,phasor,1
Drill kit,Phasor,1
Dressing Forcep Serrated,Sklar,1
dressing change kit,medical action,1
Dressing,Covidian,1
Dressing,Curad,1
Dressing,Tegaderm,1
Drainage starter kit,Aspira,1
Drainage Catheter Insertion Tray,Merit Medical,1
Drainage + Dressing Kit,Merit Medical,1
drainable irrigator sleeve,hollister,1
Disposable transducer with rotating adaptor,ICP transpac,1
Disposable Transducer,icumedical,1
Disposable single electrode,Technomed Europe,1
Disposable Inner Canula,Shiley,1
Disposable inner cannula,Shiley,1
Disposable Hyperinflation System,Ambu,1
disposable endotracheal Stylet,teleflex,1
Disposable Care Biopsy Instrument,Bard,1
Dilator,Cook Med,1
Dermabond topical skin adhesive,Ethicon,1
Deluxe Arm Sling Large,Procare,1
Deep Convex urostomy pouch,Convex,1
Decannulation Plug,Covidien Shiley,1
Cytology brush,No manufacturer listed,1
Cysto pack,Cardinal Health,1
CVC Dressing Kit,Medline,1
cvc dressing kit,Medline,1
CVC Dressing Kit,Medline,1
CVC Dressing Kit,Medline,1
cvc dressing kit,Medline,1
Custom perfusion system,Medtronic,1
Curved blade with torque wrench,Harmonic Synergy,1
curos 70% IPA,3m,1
CPR bag,Mercury medical,1
Cotton tipped applicators,Medichoice,1
Cotton Tipped Applicators,Medline,1
Coronary stent system,Biotronik,1
Cord,GE medical systems,1
Conveen,Coloplast,1
Control Syringe,BD,1
Control syringe,Medline,1
Contrast delivery set,Merit Medical,1
Continuous spinal drainage kit,ICU Medical,1
Containment Sheet Syringe,ICU Medical,1
Conforming stretch gaze bandage,Medline,1
Compressor Nebulizer,Henry Schein,1
Compression stockings,Albahealth,1
Compression Stocking,Mediven,1
comfort touch frame head rest,Medline,1
Comfort covers,Allen,1
Comfort Chinstrap,Sunset,1
Color cuff,Stryker,1
Coloplast,Folysil,1
Collection bags,Bard Medical,1
Coil expander,Cook Med,1
cohesive bandages,med choice,1
CoaguChek XS PT Test,Coagucheck,1
CO2 detector pedi,Ambu,1
CO2 Detector,Ambu,1
CO2 detector,Ambu,1
CO2 Detector,Ambu,1
Cloth Arm sling (medium/large),No manufacturer listed,1
Cloth,No manufacturer listed,1
Closed Urethral Tray w/ Vinyl Catheter,Dover,1
Clinitubes,Radiometer,1
Chloraprep Hi-Lite Orange,BD,1
ChloraPrep Applicator,BD,1
Chloraprep 3mL applicator,BD,1
Child CPR-2 Bag,Mercury Medical,1
Child CPR-2 Bag,Mercury Medical,1
Child blood pressure cuff,CRITIKON,1
Chest Tube Insertion Pack,Cardinal Health,1
Chest Tube Insertion Pack,Cardinal Health,1
Chest tube insertion pack,Cardinal Health,1
Channel around Drain,Medline,1
Cervical collar,Aspen,1
Cervical brace,Aspen,1
Central venous tray- triple lumen polyurethane catheter,Cook Med,1
Censitrac,No manufacturer listed,1
Cement Delivery System and Cartridged,Kyphon,1
cathnglove kit,vyaire,1
Catheter valve,Medtronic,1
Catheter tubing,No manufacturer listed,1
Catheter tray,Bard,1
Catheter- straight tip pediatric,Coloplast,1
Catheter Stabilization Device,Statlock,1
Catheter stabilization device,Statlock,1
Catheter Mount,Teleflex,1
Catheter Leg Band,Dale,1
Catheter insertion tray,Merit Medical,1
Catheter Insertion Tray,Merit Medical,1
Catheter Insertion Tra,Merit medical,1
catheter exchange,radifocus glideware,1
Catheter adapter,Addto,1
Catheter,Bard Medical,1
Catheter,Bardex,1
catheter,Biosense Webster,1
Catheter,icumedical,1
Catheter,Lubri-sil,1
Catheter,No manufacturer listed,1
Catch guard,Arrow,1
Cardiovascular procedure kit,Terumo,1
Cannula cap,ConMed,1
canister for infovac,kci,1
Camera cover,Advance,1
Cadd extension set,Smiths medical,1
Bubble Humidifier,Salter labs,1
Bronchoscope,GlideScope,1
Breathing circuit components,Care fusion,1
Breast pump kit,Medela,1
Breast milk collection,Medela,1
Breast Binder,EaB Medical,1
Brace,No manufacturer listed,1
Bra (36B US) - front opening - breast feeding,Mara SB FC,1
bra,amoena?,1
Bougie Endotracheal Tube Introducer,Sunmed,1
Bougie Endotrachael Tube Introducer,SunMed,1
Bottle Atomizer,MADomizer,1
Bordered Gauze,Medline,1
Border sacrum,Molnlycke,1
Blunt Fill Needle Filter,BD,1
Blunt Fill Needle,BD,1
Blue box,No manufacturer listed,1
Blue and white tube,No manufacturer listed,1
Blood Transfer Drive,No manufacturer listed,1
Blood transfer device,BD,1
Blood Transfer Device,BD,1
Blood Sampling Tube Holder,Safeset,1
Blood Sampling Tube,Safeset,1
Blood pressure cuff,Cratikon,1
Blood Pressure Cuff,Dura-Cuf,1
Blood Collection Set,BD,1
Blood collection set,BD,1
Blood Collection Set,BD,1
Blood Collection Set,BD,1
Blood Collection Set,BD,1
blood collection needles,BD,1
Blood Collection kit,BD,1
Blood collection,No manufacturer listed,1
Blazer prime catheter,Boston Scientific,1
"Blade, Rusch Standard Miller #3",Teleflex,1
"Blade, Rusch Standard Miller #2 (cozmo)",Teleflex,1
"Blade, Rusch Standard Miller #1 (cozmo)",Teleflex,1
"Blade, Rusch Standard Miller #0 (kigreca)",Teleflex,1
"Blade, Rusch Standard Macintosh #4 (gladysa)",Teleflex,1
"Blade, Rusch Standard Macintosh #3 (cozmo)",Teleflex,1
Black braided suture,No manufacturer listed,1
Biopsy Needle Set,Cook Med,1
Biopsy Needle Set,Cook Med,1
Biogel Sensor,Molnlycke,1
Biogel PI Micro,Molnlycke,1
bio patch,ethicon,1
Bi-fuse extension set,BD,1
Beside Concentrate,Steris,1
Berman Airway,MediChoice,1
Bedpan,No manufacturer listed,1
Bedpan,No manufacturer listed,1
Bed Cable,Stryker,1
BD Vacutainer,BD,1
BD Neonatal Needle,BD,1
battery,procell,1
basic liner,sigvaris,1
Bardex Foley Catheter,Bard Medical,1
Bandaging,No manufacturer listed,1
Bandage,Hartmann,1
Band Aid,Covidien,1
Balloon system,Ev3,1
Balloon Dilation catheter,Boston Scientific,1
Ballon dilatation catheter,Boston scientific,1
Ballon catheter,Chocolate,1
Ballard Manual Percussor for neonates,Avanos,1
Baby foot cast and shoes,Sure step,1
autoguaed needles,BD,1
athletic supporter,actimove,1
Aspirator,Radiometer,1
Arm sling,DJO,1
Arm Sling,Kenad SG Medical Inc,1
Arm Brace,No manufacturer listed,1
Argyle catheter,Argyle,1
Areola simulator,Ameda,1
APD Drain Manifold,Baxter,1
Antimicrobial Dressing w Silver,SILVERLON,1
Ansel modification,Flexor,1
Angiographic catheter,Merit Medical,1
Angiographic catheter,Merit Medical,1
angiocath,BD,1
Anesthesia Mask,Medline,1
Anesthesia Mask,Medline,1
anesthesia face masking,ambu,1
Ambu CO2 detector,Ambu,1
Ambu Bag,Ambu,1
All-Silicone Foley Catheter,Bard Medical,1
All-purpose urethral catheter,Bard,1
Allevyn tracheostomy,Smith & nephew,1
All purpose urethral catheter,BD,1
all purpose sponge,curity,1
Alcohol prep pads,Medline,1
Alcohol Prep Pad,Cardinal Health,1
Airway,Teleflex,1
Aircast foot,Aircast,1
Air seal,Conmed,1
Ahmed Glaucoma Valve,New World Medical,1
Aerosol Mask,Hudson RCI,1
Aerosol Face Tent,Hudson RCI,1
AED Pads,No manufacturer listed,1
Adult Tracheostomy Tube Holder,Medichoice,1
adult regional saturation sensor,covidien,1
Adult Non-Rebreathing Mask with Safety Vent and Tubing,Teleflex,1
Adult flexible tracheostomy tube,Covidien,1
Adult Flexible Tracheostomy tube,Covidien,1
Adult Cordless Patient Return Electrode,Covidien,1
Administration kit,BD,1
Adhesive Gauze Roll,BSN medical,1
Adherent Wrap,3M,1
Adapt,Hollister,1
Accessory Drain Bag,No manufacturer listed,1
Absorbable Hemostat,Ethicon,1
Abdominal Pad,Medline,1
Abdominal Pad,Medline,1
Abdominal Binder,Dale,1
Abdominal Binder,Dale,1
6 mL Blood Vial,BD,1
6 Inch Monitoring Extension Set,icumedical,1
6 inch monitoring extension,Icumedical,1
6 in monitoring extension set,Icumedical,1
50mL syringe,BD,1
500 ML Canister for Therapy Systems,Acelity,1
50 mL syringe,BD,1
50 ml syringe,BD,1
50 mL syringe,BD,1
5 mL glass luer slip loss of resistance syringe,braun,1
4-way stopcock,Medex,1
4-O sutures,Ethicon,1
4mL Blood Vial,BD,1
4 way stopcock,Medline,1
35mL breast milk collection and storage containers,Medela,1
3 Way Foley Couvelaire Tip Catherer,Teleflex,1
3 mL Syringe,BD,1
3 mL Syringe,BD,1
3 mL applicator,BD,1
3 mL applicator,BD,1
210mL bottle,Enfamil,1
20 mL Syringe,BD,1
1mL Syringe,BD,1
15 inch Extension Set,icumedical,1
10ml syringe luer lok tip,BD,1
1000ml canister for InfoVAC and VACULTA,KCl,1
1000 mL Canister for InfoV.A.C therapy systems,KCI,1
10�� Handle Comb,Eden Enterprise,1
10.0 mL Vacutainer,BD,1
1.5 needle,BD,1
1 mL syringe,BD,1
1 mL Syringe,BD,1
0.2 micron low protein binding filter,BD,1
